Right,0.38777074217796326,0.6075267195701599,-4.9344414776442136e-08,0.442583829164505,0.5995526909828186,-0.015706786885857582,0.4951268434524536,0.5354968309402466,-0.02320377342402935,0.5244394540786743,0.48421546816825867,-0.03043900430202484,0.5346243381500244,0.4361104369163513,-0.03741732984781265,0.49288323521614075,0.4288102686405182,-0.022932134568691254,0.50108802318573,0.37631186842918396,-0.05130409821867943,0.4863183796405792,0.4139488935470581,-0.06875230371952057,0.47673195600509644,0.43857336044311523,-0.07762186974287033,0.4498569965362549,0.4159431755542755,-0.027848616242408752,0.4548865556716919,0.36313503980636597,-0.055803604423999786,0.4431467354297638,0.414376437664032,-0.06561978161334991,0.437179833650589,0.4432408809661865,-0.06945071369409561,0.4051463007926941,0.4243695139884949,-0.035651084035634995,0.40888944268226624,0.3725397288799286,-0.06384634226560593,0.4022641181945801,0.41651538014411926,-0.05967859551310539,0.39965468645095825,0.43668320775032043,-0.05304141342639923,0.3623366951942444,0.4448279142379761,-0.04430277273058891,0.362575888633728,0.40446484088897705,-0.06292863935232162,0.3602874279022217,0.4355906844139099,-0.05585668981075287,0.3598174452781677,0.450359582901001,-0.04775355011224747
Right,0.3378484845161438,0.527819037437439,-2.7548933800858322e-08,0.3944900631904602,0.49441951513290405,-0.0163533054292202,0.44374921917915344,0.4168199300765991,-0.02204662375152111,0.4628675580024719,0.32985687255859375,-0.028579162433743477,0.4630769193172455,0.2569321095943451,-0.03395945578813553,0.4372818171977997,0.33373838663101196,-0.005847453139722347,0.4499203562736511,0.2502382695674896,-0.026998093351721764,0.44033682346343994,0.2815019488334656,-0.041538044810295105,0.4361296594142914,0.32468757033348083,-0.04898274689912796,0.40085461735725403,0.31621989607810974,-0.008706246502697468,0.41234949231147766,0.2303672581911087,-0.03118610382080078,0.40489500761032104,0.27416160702705383,-0.043116383254528046,0.39959535002708435,0.32213541865348816,-0.047788772732019424,0.3630436360836029,0.3152066767215729,-0.015239600092172623,0.3727758824825287,0.22099387645721436,-0.037329595535993576,0.3672238290309906,0.26532474160194397,-0.03761601448059082,0.3637992739677429,0.3146427273750305,-0.033333297818899155,0.3227030038833618,0.32759785652160645,-0.023493003100156784,0.3277117609977722,0.2516632378101349,-0.037688031792640686,0.32929468154907227,0.23855578899383545,-0.03737201541662216,0.3314758539199829,0.23435503244400024,-0.034760501235723495
Right,0.32570308446884155,0.45625144243240356,-1.1287094281442478e-07,0.37496641278266907,0.42853307723999023,-0.01801806315779686,0.4244547486305237,0.3595985472202301,-0.024644626304507256,0.4441189467906952,0.27615904808044434,-0.031656473875045776,0.4368361830711365,0.20714348554611206,-0.036004163324832916,0.42332762479782104,0.26634645462036133,-0.005048844963312149,0.4329419732093811,0.19289639592170715,-0.029532896354794502,0.41882553696632385,0.24734757840633392,-0.04324435815215111,0.412995308637619,0.2930603623390198,-0.04875873401761055,0.3891952931880951,0.2483484447002411,-0.007414073217660189,0.39553090929985046,0.17308050394058228,-0.03256342560052872,0.3863057494163513,0.24104322493076324,-0.04133717343211174,0.38432830572128296,0.283956915140152,-0.04231926053762436,0.35266101360321045,0.24622663855552673,-0.014056527987122536,0.356607586145401,0.17000249028205872,-0.04039735347032547,0.35143303871154785,0.23629102110862732,-0.03824765607714653,0.3510289788246155,0.2802317440509796,-0.030660994350910187,0.3130878210067749,0.2542226314544678,-0.02227756381034851,0.31447628140449524,0.1878400444984436,-0.03919722139835358,0.3146817684173584,0.2143065333366394,-0.03611883893609047,0.31518685817718506,0.23645251989364624,-0.029820909723639488
Right,0.3123200535774231,0.4193249046802521,-1.0500954772396653e-07,0.3601836562156677,0.3999710977077484,-0.027205107733607292,0.41242673993110657,0.3307075500488281,-0.037779487669467926,0.4238946735858917,0.23021622002124786,-0.046476494520902634,0.40735986828804016,0.16179516911506653,-0.04962830990552902,0.4158375561237335,0.24348485469818115,-0.0029010060243308544,0.4231545925140381,0.16994012892246246,-0.029558122158050537,0.4046363830566406,0.2336055338382721,-0.04115787893533707,0.40331602096557617,0.2677433490753174,-0.04438842833042145,0.3816167712211609,0.22294306755065918,0.0004108425055164844,0.38367047905921936,0.1676795482635498,-0.02509360946714878,0.36874961853027344,0.2558247447013855,-0.027241799980401993,0.37615376710891724,0.2683054506778717,-0.021991100162267685,0.34692367911338806,0.21509018540382385,-0.002509185578674078,0.3455035090446472,0.16630610823631287,-0.03275756910443306,0.33521518111228943,0.25390323996543884,-0.022105254232883453,0.3421950340270996,0.2709944248199463,-0.006589756812900305,0.30930688977241516,0.2089575231075287,-0.0075195422396063805,0.31128254532814026,0.1659526228904724,-0.02323363721370697,0.3073658347129822,0.22770102322101593,-0.011442518793046474,0.3098382353782654,0.24964000284671783,0.002365534193813801
Right,0.29712507128715515,0.3890620470046997,-1.4975043427511991e-07,0.33926019072532654,0.3727920949459076,-0.029125027358531952,0.38723331689834595,0.304903507232666,-0.039260879158973694,0.39360493421554565,0.21924778819084167,-0.04605552926659584,0.37415599822998047,0.16085752844810486,-0.04809171333909035,0.3883458375930786,0.22955970466136932,-0.0163764376193285,0.3865947127342224,0.16787856817245483,-0.04524002596735954,0.37338995933532715,0.23267889022827148,-0.05795687809586525,0.3753640651702881,0.26138952374458313,-0.06191709265112877,0.3550565838813782,0.21148934960365295,-0.011868175119161606,0.3520892858505249,0.16028735041618347,-0.04189705848693848,0.34313884377479553,0.23906996846199036,-0.04601861909031868,0.346500962972641,0.2573257088661194,-0.04179257154464722,0.3236812353134155,0.2049461007118225,-0.012769114226102829,0.31887614727020264,0.15793657302856445,-0.04583195969462395,0.3128856122493744,0.23901289701461792,-0.03627653419971466,0.31765618920326233,0.26286420226097107,-0.021437261253595352,0.2909393012523651,0.20272603631019592,-0.01572330854833126,0.29194730520248413,0.16564443707466125,-0.03583003953099251,0.2902722954750061,0.22550435364246368,-0.026527423411607742,0.29293081164360046,0.2515484392642975,-0.013795025646686554
Right,0.24348685145378113,0.4021809697151184,-7.673615698422509e-08,0.29468420147895813,0.3692985773086548,-0.02067546918988228,0.3352852165699005,0.2933157682418823,-0.024830374866724014,0.3321494162082672,0.19888532161712646,-0.02674037776887417,0.3094737231731415,0.14466995000839233,-0.026173831894993782,0.33681783080101013,0.2391214370727539,0.002733774483203888,0.3458370268344879,0.16083753108978271,-0.011271355673670769,0.33333414793014526,0.1599019169807434,-0.022175366058945656,0.32594501972198486,0.17164209485054016,-0.028285933658480644,0.3017791211605072,0.21451978385448456,0.007810795679688454,0.2989130914211273,0.15221205353736877,-0.009220659732818604,0.2906780242919922,0.19517767429351807,-0.01850997656583786,0.28862088918685913,0.22870194911956787,-0.020932719111442566,0.26759597659111023,0.20351922512054443,0.009045299142599106,0.2583767771720886,0.15289601683616638,-0.009729772806167603,0.25606492161750793,0.20856738090515137,-0.009156991727650166,0.2579914927482605,0.24690130352973938,-0.0038235709071159363,0.23252642154693604,0.20360103249549866,0.00860255304723978,0.22657239437103271,0.16721679270267487,-0.003890826366841793,0.2257784754037857,0.2095603048801422,-0.0007055715541355312,0.22928614914417267,0.24162942171096802,0.005376968998461962
Right,0.24445626139640808,0.4383581876754761,-1.363094810358234e-07,0.29711899161338806,0.3969319462776184,-0.023836253210902214,0.34225770831108093,0.3175807595252991,-0.033773910254240036,0.33583247661590576,0.21138423681259155,-0.04281162843108177,0.3030502498149872,0.15577015280723572,-0.04569826275110245,0.3395543098449707,0.24722476303577423,-0.0020112136844545603,0.3468414843082428,0.1536894291639328,-0.03207411617040634,0.32543131709098816,0.21725605428218842,-0.04700677841901779,0.31957846879959106,0.25844019651412964,-0.051921870559453964,0.30198508501052856,0.23045866191387177,-0.0016243489226326346,0.30388081073760986,0.15842095017433167,-0.03150780126452446,0.2916117012500763,0.24991220235824585,-0.036671947687864304,0.29683566093444824,0.2726576030254364,-0.032636791467666626,0.2655150592327118,0.22717440128326416,-0.007259580306708813,0.26151564717292786,0.16806718707084656,-0.03967181220650673,0.25634345412254333,0.2596767544746399,-0.03033219277858734,0.2627200186252594,0.2864934206008911,-0.01475222036242485,0.2271568477153778,0.2293393313884735,-0.014735390432178974,0.22566944360733032,0.1816653609275818,-0.02942768484354019,0.2257995903491974,0.2413329929113388,-0.017178917303681374,0.22935757040977478,0.26660341024398804,-0.003138361731544137
Right,0.2463398277759552,0.4374036192893982,-1.746753213183183e-07,0.2940247356891632,0.40857136249542236,-0.02619234099984169,0.3425784707069397,0.3328852355480194,-0.03435901924967766,0.3400416672229767,0.22656290233135223,-0.04054354503750801,0.3140166997909546,0.1647869497537613,-0.04033925384283066,0.34685224294662476,0.26085326075553894,-0.001329407561570406,0.35726040601730347,0.17461152374744415,-0.03112298995256424,0.33565929532051086,0.2273588478565216,-0.04477864131331444,0.33092042803764343,0.2615312933921814,-0.048860110342502594,0.3103797733783722,0.24100171029567719,0.0001856535964179784,0.3108466565608978,0.17444682121276855,-0.0296076200902462,0.29651162028312683,0.2609703540802002,-0.0341966338455677,0.30373990535736084,0.2788572907447815,-0.029431601986289024,0.27369585633277893,0.23524144291877747,-0.004916132427752018,0.26935136318206787,0.18610036373138428,-0.03963179513812065,0.26095402240753174,0.27409297227859497,-0.031290460377931595,0.26835280656814575,0.2906728982925415,-0.015881989151239395,0.23364408314228058,0.2355271279811859,-0.011943761259317398,0.23465541005134583,0.19603407382965088,-0.02975655347108841,0.23158833384513855,0.256580114364624,-0.018679944798350334,0.23380985856056213,0.27415090799331665,-0.004949473310261965
Right,0.2424669861793518,0.44648218154907227,-1.5094437344487233e-07,0.28840509057044983,0.4177146255970001,-0.031318601220846176,0.33869171142578125,0.3339916467666626,-0.042506732046604156,0.3328111469745636,0.2225613296031952,-0.050664566457271576,0.3012535870075226,0.15994331240653992,-0.05187060683965683,0.33686262369155884,0.24422627687454224,-0.007509980816394091,0.34689825773239136,0.1652679443359375,-0.03826427832245827,0.3272426426410675,0.23800691962242126,-0.05180991068482399,0.3237040340900421,0.27032360434532166,-0.0560610294342041,0.2986614406108856,0.23029647767543793,-0.003948310390114784,0.30034303665161133,0.16796496510505676,-0.03566567227244377,0.2897372245788574,0.2703130841255188,-0.040530264377593994,0.29480963945388794,0.28456681966781616,-0.035688430070877075,0.2608354985713959,0.23057672381401062,-0.0069831726141273975,0.2573738098144531,0.17917108535766602,-0.04329867288470268,0.25180065631866455,0.2817741632461548,-0.03250149264931679,0.2579224705696106,0.29905930161476135,-0.01520807296037674,0.2194356471300125,0.23341339826583862,-0.012221286073327065,0.2205248475074768,0.1955828070640564,-0.03063875064253807,0.2210395187139511,0.26512202620506287,-0.01793244108557701,0.2241625338792801,0.2835129499435425,-0.002941249869763851
Right,0.24151599407196045,0.45633935928344727,-2.0522067245565268e-07,0.2893962562084198,0.4220693111419678,-0.02954646199941635,0.3417658805847168,0.3439468443393707,-0.041049133986234665,0.3394733965396881,0.23642131686210632,-0.04957696422934532,0.3067198693752289,0.17171671986579895,-0.05122355744242668,0.3341364562511444,0.2421858012676239,-0.009096155874431133,0.3437950313091278,0.16805551946163177,-0.04019409790635109,0.32778000831604004,0.24234580993652344,-0.0539536327123642,0.32327213883399963,0.27117374539375305,-0.05845019966363907,0.2966199815273285,0.22871053218841553,-0.007090278901159763,0.2972944378852844,0.1719219982624054,-0.038028303533792496,0.2896246314048767,0.27870169281959534,-0.0419166162610054,0.2948419749736786,0.2872142195701599,-0.03696146979928017,0.25965043902397156,0.2285490781068802,-0.011399186216294765,0.2551133632659912,0.18319806456565857,-0.048485077917575836,0.2540128827095032,0.2888396382331848,-0.038067981600761414,0.25983062386512756,0.3026171922683716,-0.021288273856043816,0.21805617213249207,0.23199328780174255,-0.017616355791687965,0.21879872679710388,0.19796006381511688,-0.03864004835486412,0.2225407510995865,0.27260658144950867,-0.026529984548687935,0.22501344978809357,0.2921407222747803,-0.01141579169780016
Right,0.24183668196201324,0.4645915925502777,-1.393328972199015e-07,0.2878866195678711,0.42652153968811035,-0.03267284855246544,0.3377392292022705,0.34563571214675903,-0.047074850648641586,0.3376182019710541,0.23857130110263824,-0.058521568775177,0.30779603123664856,0.16910631954669952,-0.06314511597156525,0.33497580885887146,0.2393098622560501,-0.009217853657901287,0.34128671884536743,0.16487763822078705,-0.04144611582159996,0.32736673951148987,0.24017955362796783,-0.0560743547976017,0.32399502396583557,0.2722562551498413,-0.06081334501504898,0.2965812683105469,0.22876198589801788,-0.005583159159868956,0.29572299122810364,0.17265361547470093,-0.037164829671382904,0.2879798710346222,0.28251466155052185,-0.04130007326602936,0.2931796610355377,0.2893087863922119,-0.03628431633114815,0.25922828912734985,0.23116791248321533,-0.00877971202135086,0.25503337383270264,0.1876588612794876,-0.04562097042798996,0.25321465730667114,0.2924745976924896,-0.034864265471696854,0.2587408423423767,0.30226173996925354,-0.01819019950926304,0.2172529101371765,0.2349824458360672,-0.01426617056131363,0.2193213403224945,0.20592060685157776,-0.03477673977613449,0.22283115983009338,0.2792470455169678,-0.022781889885663986,0.22613663971424103,0.29579782485961914,-0.008062545210123062
Right,0.2427596151828766,0.46605411171913147,-1.903330542063486e-07,0.2870520055294037,0.4292100667953491,-0.03430681303143501,0.33835598826408386,0.34507495164871216,-0.049374889582395554,0.34155958890914917,0.23896381258964539,-0.0608980618417263,0.31205153465270996,0.17249330878257751,-0.06539267301559448,0.33691397309303284,0.23374436795711517,-0.014595797285437584,0.3414163589477539,0.16610677540302277,-0.04706564545631409,0.325782835483551,0.25276726484298706,-0.06098678335547447,0.32428210973739624,0.2788583040237427,-0.06613491475582123,0.29784685373306274,0.22239109873771667,-0.011018088087439537,0.29655200242996216,0.17165988683700562,-0.04255380481481552,0.2863065004348755,0.28730887174606323,-0.04492785781621933,0.2915170192718506,0.28687146306037903,-0.03947582095861435,0.25966572761535645,0.2253292202949524,-0.014267608523368835,0.25567808747291565,0.18750721216201782,-0.05085761100053787,0.25216954946517944,0.2944331467151642,-0.038840778172016144,0.2585159242153168,0.29634881019592285,-0.022257521748542786,0.21797126531600952,0.22965079545974731,-0.020069973543286324,0.2181686908006668,0.20454831421375275,-0.040281958878040314,0.2219221442937851,0.2789286673069,-0.027927914634346962,0.22575151920318604,0.29166465997695923,-0.013721847906708717
Right,0.24392813444137573,0.45091965794563293,-1.763872035098757e-07,0.2962915301322937,0.4172358810901642,-0.02704322524368763,0.345788836479187,0.3376215696334839,-0.03844340145587921,0.34430453181266785,0.22931697964668274,-0.04814986139535904,0.31221824884414673,0.16962842643260956,-0.051523055881261826,0.33859604597091675,0.24213162064552307,-0.007046591490507126,0.34829890727996826,0.15986736118793488,-0.03804226964712143,0.3307371735572815,0.23893362283706665,-0.052458859980106354,0.32812219858169556,0.2748033404350281,-0.057905469089746475,0.30117666721343994,0.2296438068151474,-0.006548912264406681,0.3016204237937927,0.16459177434444427,-0.037513379007577896,0.29260820150375366,0.26730385422706604,-0.04184510186314583,0.2992765009403229,0.2836001217365265,-0.0378621406853199,0.2640407383441925,0.23160235583782196,-0.012198297306895256,0.26051199436187744,0.17731410264968872,-0.04792981967329979,0.25695502758026123,0.2773821949958801,-0.037502847611904144,0.26453569531440735,0.2986575663089752,-0.021372457966208458,0.22297361493110657,0.23695191740989685,-0.019772835075855255,0.22308817505836487,0.19516626000404358,-0.03960718587040901,0.2258397936820984,0.26609721779823303,-0.027840888127684593,0.23050753772258759,0.29282495379447937,-0.013598782010376453
Right,0.2427596151828766,0.4502347707748413,-1.6531586766177497e-07,0.2918531894683838,0.4219750463962555,-0.030643180012702942,0.3456715941429138,0.3429310619831085,-0.04309418052434921,0.3447757959365845,0.23227638006210327,-0.05283370241522789,0.3119877576828003,0.17047381401062012,-0.055812153965234756,0.34081852436065674,0.2391873598098755,-0.009524053893983364,0.35153821110725403,0.15786069631576538,-0.040091220289468765,0.33201900124549866,0.2405918389558792,-0.05411555618047714,0.3287249207496643,0.27430251240730286,-0.059349559247493744,0.3026437759399414,0.22677059471607208,-0.006756301037967205,0.3059251308441162,0.16353264451026917,-0.03764675557613373,0.2947806119918823,0.2701243758201599,-0.04223216325044632,0.3001299202442169,0.28088948130607605,-0.038208454847335815,0.2648698687553406,0.22731004655361176,-0.0102790342643857,0.26309138536453247,0.17460255324840546,-0.04579772427678108,0.25773686170578003,0.27791541814804077,-0.03533974662423134,0.2644272446632385,0.29368093609809875,-0.01919516734778881,0.2229454666376114,0.2280658483505249,-0.0159123707562685,0.22467133402824402,0.18929749727249146,-0.03491034731268883,0.22622844576835632,0.26205554604530334,-0.022780684754252434,0.22980131208896637,0.28428417444229126,-0.008583517745137215
Right,0.24319016933441162,0.4539485573768616,-1.7406748042958498e-07,0.29154521226882935,0.42246055603027344,-0.031257931143045425,0.34396544098854065,0.34808117151260376,-0.044761400669813156,0.3451443016529083,0.23897939920425415,-0.05518840625882149,0.3133063018321991,0.17326262593269348,-0.05901970714330673,0.3411354720592499,0.23524920642375946,-0.012508626095950603,0.3495899438858032,0.15567809343338013,-0.04317920282483101,0.33276745676994324,0.23626071214675903,-0.0567941889166832,0.3300842344760895,0.27089178562164307,-0.06158538907766342,0.30255913734436035,0.22420568764209747,-0.009687202982604504,0.3032427728176117,0.16192136704921722,-0.0398615226149559,0.29384171962738037,0.2708117961883545,-0.043215807527303696,0.3001829981803894,0.2824711203575134,-0.03864419460296631,0.26470571756362915,0.22598810493946075,-0.013078797608613968,0.2621130347251892,0.175323948264122,-0.04781470447778702,0.2580343186855316,0.2787603735923767,-0.03679612651467323,0.2642754018306732,0.2924942672252655,-0.020807253196835518,0.2224975824356079,0.22953945398330688,-0.01872011460363865,0.22468870878219604,0.19152578711509705,-0.037509191781282425,0.22704637050628662,0.2624514400959015,-0.02527235448360443,0.22960829734802246,0.2818480432033539,-0.011115889996290207
Right,0.24484586715698242,0.4568786025047302,-1.573716588154639e-07,0.293938547372818,0.4248194694519043,-0.03124811314046383,0.3487474322319031,0.3441346287727356,-0.04449789598584175,0.3485596179962158,0.23065748810768127,-0.054774533957242966,0.31376194953918457,0.1678195744752884,-0.05796538293361664,0.34352344274520874,0.23754717409610748,-0.008969279006123543,0.35218504071235657,0.15755504369735718,-0.039546724408864975,0.3345520496368408,0.23926958441734314,-0.05360627919435501,0.33153876662254333,0.2721812129020691,-0.058947425335645676,0.30527591705322266,0.22695386409759521,-0.006155924405902624,0.30592048168182373,0.16446994245052338,-0.034919723868370056,0.29604142904281616,0.27737435698509216,-0.03701470047235489,0.30389562249183655,0.2853294610977173,-0.03166386857628822,0.2671499252319336,0.22948181629180908,-0.010017548687756062,0.2647821605205536,0.17914745211601257,-0.04264216870069504,0.260897159576416,0.2844454348087311,-0.0299820713698864,0.26791122555732727,0.29498693346977234,-0.013421422801911831,0.22507190704345703,0.23264409601688385,-0.01639728620648384,0.2279236912727356,0.19770579040050507,-0.033084936439991,0.22991785407066345,0.2692491412162781,-0.019751660525798798,0.2324768453836441,0.28514760732650757,-0.005319057498127222
Right,0.247238889336586,0.46009498834609985,-1.7549911035530386e-07,0.2982349395751953,0.4220905601978302,-0.02731955796480179,0.35046982765197754,0.3432798981666565,-0.039344459772109985,0.35033661127090454,0.2360660582780838,-0.04928594082593918,0.3170018196105957,0.17525237798690796,-0.052356794476509094,0.3449847400188446,0.24032171070575714,-0.008355696685612202,0.35346922278404236,0.15871889889240265,-0.03900783881545067,0.33621254563331604,0.24260210990905762,-0.051811736077070236,0.3348333239555359,0.2780210077762604,-0.05603782460093498,0.30661630630493164,0.2281876653432846,-0.007775246165692806,0.3084082007408142,0.1661895215511322,-0.03730008006095886,0.29705822467803955,0.2780725359916687,-0.038546208292245865,0.30421361327171326,0.2874003052711487,-0.032502397894859314,0.2685816287994385,0.2288527935743332,-0.013524719513952732,0.26696187257766724,0.1821533739566803,-0.04717012867331505,0.26207923889160156,0.28671181201934814,-0.034392450004816055,0.26942723989486694,0.29711639881134033,-0.01749282144010067,0.22658276557922363,0.23106339573860168,-0.021405495703220367,0.22915717959403992,0.19964328408241272,-0.038229502737522125,0.23100689053535461,0.2713894546031952,-0.024595286697149277,0.23408867418766022,0.287534236907959,-0.009911339730024338
Right,0.2480390965938568,0.44865214824676514,-1.23098303106417e-07,0.2969573140144348,0.4203870892524719,-0.029203249141573906,0.35042884945869446,0.3491981029510498,-0.04257390275597572,0.3519304692745209,0.24070711433887482,-0.05372892692685127,0.32081595063209534,0.1714327186346054,-0.05897408723831177,0.3463028073310852,0.23952355980873108,-0.009633664041757584,0.35693854093551636,0.16822972893714905,-0.04245171323418617,0.33698946237564087,0.24276167154312134,-0.05918237194418907,0.32949361205101013,0.274824321269989,-0.06583657115697861,0.3072304427623749,0.22382299602031708,-0.008456154726445675,0.3106621503829956,0.16819410026073456,-0.04119512066245079,0.2987860441207886,0.2728881239891052,-0.048730917274951935,0.3013535737991333,0.2883879244327545,-0.046595051884651184,0.26842591166496277,0.22370010614395142,-0.01326457317918539,0.2679256796836853,0.1776469349861145,-0.05016360431909561,0.26196256279945374,0.2810339331626892,-0.04152798280119896,0.2666644752025604,0.2992132008075714,-0.026517273858189583,0.22585412859916687,0.22732581198215485,-0.019989043474197388,0.2294485867023468,0.1963912546634674,-0.04049326851963997,0.23026913404464722,0.26758459210395813,-0.029367487877607346,0.2330702245235443,0.2881315350532532,-0.015633879229426384
Right,0.24792367219924927,0.4548366069793701,-1.3691212075173098e-07,0.297565758228302,0.42054614424705505,-0.027043873444199562,0.3529732823371887,0.3488426208496094,-0.03831879794597626,0.35455018281936646,0.2415342628955841,-0.047928228974342346,0.3207951486110687,0.17878706753253937,-0.05116194486618042,0.34613215923309326,0.24048632383346558,-0.0042540766298770905,0.3606245815753937,0.1639440953731537,-0.03558439388871193,0.3407435119152069,0.23648017644882202,-0.05069434270262718,0.33197924494743347,0.26917532086372375,-0.05605122447013855,0.30797672271728516,0.22555691003799438,-0.0037343157455325127,0.3136698007583618,0.1673925817012787,-0.03480928763747215,0.30092063546180725,0.2741789221763611,-0.04082062467932701,0.3048778772354126,0.28543901443481445,-0.03742135688662529,0.2700108289718628,0.22644346952438354,-0.009433910250663757,0.2707703113555908,0.18141838908195496,-0.044467974454164505,0.2642500400543213,0.2845986485481262,-0.03524767607450485,0.26952677965164185,0.2952370047569275,-0.020053805783391,0.22791901230812073,0.23031993210315704,-0.0170200876891613,0.2323436588048935,0.20027339458465576,-0.03450290858745575,0.23279932141304016,0.2710004150867462,-0.022087113931775093,0.23534893989562988,0.28632307052612305,-0.007951491512358189
Right,0.2511082887649536,0.45571041107177734,-1.3094918926981336e-07,0.29864636063575745,0.4203442931175232,-0.03133120387792587,0.35217106342315674,0.34667715430259705,-0.04582790657877922,0.35579681396484375,0.23872224986553192,-0.0574667863547802,0.3255700170993805,0.17043840885162354,-0.062280356884002686,0.3481653928756714,0.23494672775268555,-0.01282071229070425,0.35773178935050964,0.16067543625831604,-0.04413045942783356,0.3403612971305847,0.23876003921031952,-0.05609247460961342,0.33604899048805237,0.2683298587799072,-0.059377506375312805,0.3086894452571869,0.22292128205299377,-0.010087772272527218,0.31275200843811035,0.16766111552715302,-0.04098575934767723,0.29975128173828125,0.27845579385757446,-0.043328385800123215,0.3054182827472687,0.2802419364452362,-0.037712063640356064,0.27071329951286316,0.22417357563972473,-0.013610683381557465,0.26889482140541077,0.18112827837467194,-0.04888656735420227,0.2631355822086334,0.2853988707065582,-0.03619358316063881,0.27004390954971313,0.2909003794193268,-0.01911228336393833,0.22844767570495605,0.22479641437530518,-0.019333073869347572,0.22926703095436096,0.19496995210647583,-0.03771462291479111,0.23160851001739502,0.2677714228630066,-0.024491319432854652,0.23636077344417572,0.28267642855644226,-0.009809101931750774
Right,0.24940666556358337,0.45644599199295044,-1.4973196016399015e-07,0.29810354113578796,0.4244537055492401,-0.03267842158675194,0.35094285011291504,0.3436727821826935,-0.04679834097623825,0.35583794116973877,0.23343919217586517,-0.05819980800151825,0.32954612374305725,0.16304782032966614,-0.06252621114253998,0.3470628261566162,0.2348606139421463,-0.008443268947303295,0.35331448912620544,0.1610850989818573,-0.0411648266017437,0.33757948875427246,0.23970676958560944,-0.054883673787117004,0.3326582610607147,0.27314603328704834,-0.058801282197237015,0.3079546093940735,0.2229592651128769,-0.005187985021620989,0.3077138066291809,0.16753122210502625,-0.03622966632246971,0.2977534532546997,0.2784901261329651,-0.03865990415215492,0.3041817843914032,0.28417062759399414,-0.03260121867060661,0.26993611454963684,0.22535111010074615,-0.00917824637144804,0.2666459083557129,0.1814970076084137,-0.045809078961610794,0.26324552297592163,0.2849443554878235,-0.03414125367999077,0.2703482210636139,0.29207509756088257,-0.016961151733994484,0.22807970643043518,0.23004940152168274,-0.0156110730022192,0.22906386852264404,0.19638633728027344,-0.03604421392083168,0.23206010460853577,0.26881635189056396,-0.02394881844520569,0.23652201890945435,0.28542667627334595,-0.009243073873221874
Right,0.248672753572464,0.4552891254425049,-1.9000096074250905e-07,0.2949478030204773,0.42003756761550903,-0.027103586122393608,0.3478326201438904,0.3399698734283447,-0.03928113356232643,0.3536035120487213,0.23427969217300415,-0.04978644847869873,0.3269318640232086,0.16656479239463806,-0.053645022213459015,0.3460077941417694,0.23726311326026917,-0.008035684935748577,0.3558467924594879,0.15659138560295105,-0.03833032771945,0.33801934123039246,0.23492184281349182,-0.050845008343458176,0.332345187664032,0.26887017488479614,-0.05450166016817093,0.30807816982269287,0.2251322716474533,-0.007435964420437813,0.30997535586357117,0.16602492332458496,-0.03563102334737778,0.2984032928943634,0.27564138174057007,-0.03678993135690689,0.30500924587249756,0.282956600189209,-0.030889665707945824,0.27046653628349304,0.22766083478927612,-0.013050596229732037,0.2690558433532715,0.17784669995307922,-0.0457814522087574,0.26386821269989014,0.27995187044143677,-0.03262711688876152,0.27028942108154297,0.2894493043422699,-0.015728196129202843,0.22905735671520233,0.2324931025505066,-0.020781727507710457,0.23016510903835297,0.1926862895488739,-0.03804784268140793,0.23227828741073608,0.26288583874702454,-0.024293556809425354,0.23581136763095856,0.28158360719680786,-0.009275945834815502
Right,0.24807485938072205,0.4481106996536255,-1.1597803961649333e-07,0.2972208559513092,0.4144468307495117,-0.030329285189509392,0.35407352447509766,0.33239978551864624,-0.041384343057870865,0.35518160462379456,0.21717162430286407,-0.04980309680104256,0.32128584384918213,0.15393254160881042,-0.051044221967458725,0.3462156355381012,0.2346150130033493,-0.0034681428223848343,0.36044713854789734,0.15420380234718323,-0.03324511647224426,0.34127622842788696,0.23601505160331726,-0.047213830053806305,0.33675244450569153,0.2691573202610016,-0.05220487341284752,0.30901509523391724,0.2225034385919571,-0.0007362682372331619,0.3151114881038666,0.15759241580963135,-0.030063273385167122,0.3042812645435333,0.26450592279434204,-0.03500080108642578,0.3101777136325836,0.27291402220726013,-0.03128427267074585,0.27059316635131836,0.2234886884689331,-0.004595375154167414,0.2718554139137268,0.17089524865150452,-0.0396910086274147,0.2660796642303467,0.2749955654144287,-0.029077693819999695,0.2721595764160156,0.2873203754425049,-0.01268086303025484,0.22733071446418762,0.22319559752941132,-0.010553460568189621,0.23360508680343628,0.18659645318984985,-0.028788244351744652,0.2337011992931366,0.25987255573272705,-0.015612741000950336,0.23523472249507904,0.2778230607509613,-0.000724750745575875
Right,0.24982865154743195,0.43213486671447754,-1.0243006443033664e-07,0.30259934067726135,0.3988965153694153,-0.02715085819363594,0.3538074791431427,0.3251795172691345,-0.03846985101699829,0.35692012310028076,0.21846263110637665,-0.048325780779123306,0.32700803875923157,0.15556290745735168,-0.05208325758576393,0.3486654758453369,0.22839540243148804,-0.00257191713899374,0.35907232761383057,0.15173457562923431,-0.03261425346136093,0.3405996561050415,0.22405588626861572,-0.04675447195768356,0.3363531827926636,0.259311318397522,-0.0513998381793499,0.3110644817352295,0.2163112759590149,-0.0016312975203618407,0.31576013565063477,0.15479041635990143,-0.032622069120407104,0.30371662974357605,0.2543863356113434,-0.038806334137916565,0.30905216932296753,0.27136436104774475,-0.035239025950431824,0.27313143014907837,0.2172859013080597,-0.006888289470225573,0.27194923162460327,0.16754722595214844,-0.04335338622331619,0.26586347818374634,0.2670062184333801,-0.03543416038155556,0.2726953625679016,0.289051353931427,-0.02001073583960533,0.23146119713783264,0.218979150056839,-0.013859904371201992,0.23181092739105225,0.17839550971984863,-0.03333210200071335,0.23239931464195251,0.24521644413471222,-0.022410880774259567,0.23645024001598358,0.26913881301879883,-0.008556338027119637
Right,0.24985098838806152,0.436892032623291,-1.0817201001600552e-07,0.30131006240844727,0.4060041904449463,-0.02833959273993969,0.35549700260162354,0.3287791609764099,-0.03974516689777374,0.358074426651001,0.21709182858467102,-0.04893914982676506,0.3270052969455719,0.1526031792163849,-0.051715027540922165,0.3502900302410126,0.22290118038654327,-0.004571608267724514,0.36004912853240967,0.1513582170009613,-0.033877793699502945,0.34155699610710144,0.2286922037601471,-0.047690026462078094,0.3377925753593445,0.25944337248802185,-0.05285174772143364,0.31218352913856506,0.20915499329566956,-0.0033612928818911314,0.31721729040145874,0.15065276622772217,-0.03337378427386284,0.30572330951690674,0.2556217312812805,-0.038870442658662796,0.31132063269615173,0.2681673765182495,-0.035261500626802444,0.2739398777484894,0.20972365140914917,-0.008326816372573376,0.27435076236724854,0.16438546776771545,-0.0439290851354599,0.268290638923645,0.26683345437049866,-0.03538299351930618,0.27506646513938904,0.28215497732162476,-0.02008030004799366,0.23231180012226105,0.21227312088012695,-0.01510463748127222,0.23556484282016754,0.17759212851524353,-0.03396216034889221,0.23623913526535034,0.24867039918899536,-0.02243388444185257,0.2398989349603653,0.26794707775115967,-0.008474831469357014
Right,0.25157028436660767,0.4456443190574646,-1.0206181855210161e-07,0.3024995028972626,0.4078376889228821,-0.030452793464064598,0.356705904006958,0.3271888494491577,-0.0435226708650589,0.35769346356391907,0.21403002738952637,-0.053969454020261765,0.3240554928779602,0.14877110719680786,-0.05779081955552101,0.3495927155017853,0.22136904299259186,-0.007414706517010927,0.3622475266456604,0.1491919755935669,-0.03710620477795601,0.3438037931919098,0.234297975897789,-0.05118719860911369,0.33936890959739685,0.26414161920547485,-0.056588057428598404,0.31168216466903687,0.21120795607566833,-0.004800317343324423,0.31934940814971924,0.15212631225585938,-0.034515827894210815,0.3069418966770172,0.2611803710460663,-0.040105175226926804,0.3111759424209595,0.2661759853363037,-0.03712214529514313,0.27351874113082886,0.21421313285827637,-0.008296439424157143,0.2751995027065277,0.16625091433525085,-0.04247557371854782,0.2689037621021271,0.270691841840744,-0.032655972987413406,0.27503257989883423,0.2807864546775818,-0.017433833330869675,0.2316693216562271,0.21521131694316864,-0.013798595406115055,0.23518255352973938,0.18165768682956696,-0.030451513826847076,0.2364470362663269,0.2536630630493164,-0.017508339136838913,0.23955419659614563,0.27061235904693604,-0.0034934307914227247
Right,0.2530613839626312,0.4382612407207489,-1.606031787559914e-07,0.30152544379234314,0.4080137312412262,-0.028897788375616074,0.3578702211380005,0.32994142174720764,-0.04101654887199402,0.3638269305229187,0.2219400852918625,-0.050649724900722504,0.3345582187175751,0.15404005348682404,-0.05377380549907684,0.34947797656059265,0.21830643713474274,-0.009226951748132706,0.3603867292404175,0.148404061794281,-0.03844451904296875,0.34348806738853455,0.23353561758995056,-0.05121515318751335,0.33890363574028015,0.2625787854194641,-0.055778250098228455,0.3119540810585022,0.20623627305030823,-0.007311228197067976,0.3169833719730377,0.15254472196102142,-0.036166079342365265,0.3069472312927246,0.260831356048584,-0.0398714616894722,0.31039959192276,0.2665819227695465,-0.03591976314783096,0.2744109332561493,0.20810697972774506,-0.011292871087789536,0.27632829546928406,0.16249987483024597,-0.04529069364070892,0.27208396792411804,0.2671824097633362,-0.03439575061202049,0.27615681290626526,0.27845773100852966,-0.018743807449936867,0.23312288522720337,0.21110673248767853,-0.01721474900841713,0.2385934591293335,0.18000157177448273,-0.03597966954112053,0.24052773416042328,0.25284847617149353,-0.02376306988298893,0.2420443594455719,0.2701011896133423,-0.009713442996144295
Right,0.25083404779434204,0.4420556426048279,-9.623543206771501e-08,0.3019971251487732,0.41212576627731323,-0.03148069977760315,0.3580668568611145,0.335010826587677,-0.04401590675115585,0.36297425627708435,0.22081372141838074,-0.054167240858078,0.3323758840560913,0.15216636657714844,-0.0579068660736084,0.3525691032409668,0.22847801446914673,-0.0023316002916544676,0.36397355794906616,0.1592147946357727,-0.0333687849342823,0.3457946479320526,0.23140975832939148,-0.048266369849443436,0.3406878113746643,0.26156285405158997,-0.05313687026500702,0.31502529978752136,0.21469983458518982,0.0008508987375535071,0.32141566276550293,0.15979917347431183,-0.030650975182652473,0.30840665102005005,0.2632555067539215,-0.036541879177093506,0.31284019351005554,0.2739921510219574,-0.03213075175881386,0.27698200941085815,0.21431905031204224,-0.002931147115305066,0.2784650921821594,0.1679387092590332,-0.04098983108997345,0.27085942029953003,0.2708987295627594,-0.032457079738378525,0.27551352977752686,0.28728070855140686,-0.015852494165301323,0.23505637049674988,0.21468603610992432,-0.008697273209691048,0.24063780903816223,0.17608794569969177,-0.028974873945116997,0.24018879234790802,0.2479991912841797,-0.01728758029639721,0.2421840876340866,0.26947516202926636,-0.0022964735981076956
Right,0.254288911819458,0.44063428044319153,-1.5811210118954477e-07,0.3036271929740906,0.40577393770217896,-0.02647451125085354,0.3592396378517151,0.3289434313774109,-0.03700760751962662,0.3645930588245392,0.22222056984901428,-0.04558883234858513,0.33435243368148804,0.15575790405273438,-0.04800010845065117,0.3516608774662018,0.22539277374744415,-0.00520362937822938,0.36361315846443176,0.15058311820030212,-0.034858882427215576,0.34504228830337524,0.22813713550567627,-0.04840683937072754,0.3382769525051117,0.2599562406539917,-0.052839506417512894,0.3143887519836426,0.2130555957555771,-0.004100609105080366,0.3202173411846161,0.15723134577274323,-0.03377280756831169,0.30762338638305664,0.2618888318538666,-0.03936547785997391,0.31048834323883057,0.2707071900367737,-0.03609289228916168,0.2769717574119568,0.2138984501361847,-0.008743304759263992,0.27782195806503296,0.16714215278625488,-0.04329594597220421,0.271325945854187,0.26910728216171265,-0.03395010530948639,0.27637413144111633,0.2816377878189087,-0.018707290291786194,0.23567607998847961,0.21523906290531158,-0.014989348128437996,0.23920899629592896,0.1798580288887024,-0.03307565301656723,0.24006591737270355,0.25198787450790405,-0.020643657073378563,0.24309572577476501,0.2712295353412628,-0.006222445983439684
Right,0.2575506269931793,0.4461830258369446,-1.1892468165797254e-07,0.30463141202926636,0.4076163172721863,-0.03205558657646179,0.3581012785434723,0.3255976438522339,-0.04488466680049896,0.363757848739624,0.2163952887058258,-0.054992735385894775,0.3341001868247986,0.14712977409362793,-0.05854405462741852,0.35055461525917053,0.22270657122135162,-0.004525466822087765,0.3619132936000824,0.15395402908325195,-0.03473971039056778,0.3448030948638916,0.23434510827064514,-0.04894039034843445,0.3393831253051758,0.26064345240592957,-0.053650569170713425,0.3138953447341919,0.21226751804351807,-0.0004517579800449312,0.31992706656455994,0.15865156054496765,-0.02973296493291855,0.3078625202178955,0.26594141125679016,-0.03510291129350662,0.3116692006587982,0.26644039154052734,-0.03138293698430061,0.276660680770874,0.2140640765428543,-0.003136292565613985,0.27900001406669617,0.16845658421516418,-0.038238223642110825,0.2728898823261261,0.2716522216796875,-0.02919272892177105,0.2775677740573883,0.2768014073371887,-0.013784796930849552,0.23467807471752167,0.21402835845947266,-0.00788140669465065,0.24044834077358246,0.1791737973690033,-0.025708481669425964,0.24203412234783173,0.25105902552604675,-0.013287092559039593,0.24427366256713867,0.2681495249271393,0.0010895809391513467
Right,0.25821560621261597,0.43211638927459717,-1.1972630886702973e-07,0.3043208122253418,0.40273433923721313,-0.03339844197034836,0.3600085377693176,0.3274760842323303,-0.04616745933890343,0.36692968010902405,0.21828114986419678,-0.05534576624631882,0.3390372693538666,0.14802798628807068,-0.05763166770339012,0.35501155257225037,0.21730615198612213,-0.009181536734104156,0.3654575049877167,0.14572936296463013,-0.03983619064092636,0.3473597764968872,0.22599022090435028,-0.053238242864608765,0.3434738516807556,0.2534216642379761,-0.05748005956411362,0.3185034394264221,0.2077353298664093,-0.004312442149966955,0.32207417488098145,0.15394487977027893,-0.03461904078722,0.310550719499588,0.2617134749889374,-0.03889680281281471,0.31689661741256714,0.265239417552948,-0.03447612375020981,0.281320720911026,0.2087412029504776,-0.0061517818830907345,0.2803567945957184,0.1647927463054657,-0.04162319749593735,0.27375054359436035,0.2670280337333679,-0.031182587146759033,0.2807900011539459,0.2734796702861786,-0.01501722913235426,0.23943288624286652,0.20669932663440704,-0.010260089300572872,0.24204811453819275,0.17510640621185303,-0.028490114957094193,0.24296464025974274,0.24684427678585052,-0.016036763787269592,0.24642306566238403,0.2621816098690033,-0.0016310017090290785
Right,0.2589210867881775,0.43462613224983215,-1.4540428594500554e-07,0.30837082862854004,0.3984163701534271,-0.025827214121818542,0.363827109336853,0.3245280385017395,-0.03641203045845032,0.3692761957645416,0.21980907022953033,-0.04500966519117355,0.33681052923202515,0.15526267886161804,-0.047356024384498596,0.3553577959537506,0.21892772614955902,-0.006800759583711624,0.3694209158420563,0.1462683528661728,-0.03583268076181412,0.35054895281791687,0.2258744090795517,-0.04821137711405754,0.34476298093795776,0.2572944164276123,-0.05211830884218216,0.31841737031936646,0.20748573541641235,-0.00593380443751812,0.32448750734329224,0.15235044062137604,-0.035279110074043274,0.311370849609375,0.2593728303909302,-0.039446767419576645,0.31460487842559814,0.26875633001327515,-0.0354362353682518,0.28114575147628784,0.20884191989898682,-0.010627366602420807,0.2815738022327423,0.16358858346939087,-0.044376060366630554,0.27544766664505005,0.26698994636535645,-0.033803705126047134,0.2805740535259247,0.2807367444038391,-0.01815546490252018,0.2395496964454651,0.21001535654067993,-0.0169246606528759,0.2431449294090271,0.17662499845027924,-0.03445761650800705,0.24417266249656677,0.24812257289886475,-0.021900108084082603,0.24677664041519165,0.2664153575897217,-0.007733273319900036
Right,0.257584810256958,0.4394175708293915,-1.433645024917496e-07,0.3079718351364136,0.40425431728363037,-0.029155487194657326,0.3598721921443939,0.326501727104187,-0.04186912998557091,0.3645380735397339,0.21877042949199677,-0.05237806588411331,0.3359692692756653,0.14902299642562866,-0.05701735243201256,0.3546828031539917,0.22212423384189606,-0.008403155021369457,0.366523802280426,0.14993692934513092,-0.03909701481461525,0.34830552339553833,0.22803308069705963,-0.05367065593600273,0.3429987132549286,0.2581159770488739,-0.058982912451028824,0.31664949655532837,0.2103172391653061,-0.006567380856722593,0.32288306951522827,0.1526196002960205,-0.037604428827762604,0.31093835830688477,0.25646287202835083,-0.0440039336681366,0.3144717216491699,0.2675495147705078,-0.04126257076859474,0.27892667055130005,0.21197542548179626,-0.010634425096213818,0.27938494086265564,0.1638401746749878,-0.046701669692993164,0.2734305262565613,0.2651071846485138,-0.03806217387318611,0.27913281321525574,0.28069382905960083,-0.022943327203392982,0.23746301233768463,0.21480034291744232,-0.016499722376465797,0.24011880159378052,0.17409271001815796,-0.03603744879364967,0.24179497361183167,0.24571964144706726,-0.02437620982527733,0.24512799084186554,0.2698993980884552,-0.010312706232070923
Right,0.2581758201122284,0.44021981954574585,-1.3611946769742644e-07,0.30853071808815,0.40445923805236816,-0.028427019715309143,0.36152923107147217,0.3296045660972595,-0.041184086352586746,0.3681328594684601,0.22182422876358032,-0.05190490186214447,0.3386622369289398,0.1552635133266449,-0.05637374147772789,0.35299021005630493,0.22035014629364014,-0.008217649534344673,0.36517536640167236,0.1460590809583664,-0.03832076117396355,0.3485623002052307,0.22759348154067993,-0.051564984023571014,0.3437945544719696,0.25946301221847534,-0.056016188114881516,0.31520023941993713,0.2110031247138977,-0.006781493313610554,0.32302525639533997,0.15257912874221802,-0.036351606249809265,0.3123691976070404,0.2583722472190857,-0.04051487147808075,0.3158515989780426,0.2683393657207489,-0.0368364043533802,0.2775181233882904,0.2146204113960266,-0.011314386501908302,0.2810363173484802,0.1645265519618988,-0.046175405383110046,0.276428759098053,0.2669389843940735,-0.035600584000349045,0.28049546480178833,0.28254732489585876,-0.01973087526857853,0.23574721813201904,0.21837645769119263,-0.017725037410855293,0.24194857478141785,0.17748114466667175,-0.036173999309539795,0.2445901334285736,0.24845722317695618,-0.023506682366132736,0.24656085669994354,0.27023062109947205,-0.009116584435105324
Right,0.2577723264694214,0.4432990550994873,-1.3891282435452013e-07,0.30660462379455566,0.40651482343673706,-0.028853990137577057,0.3619435429573059,0.33107107877731323,-0.04150635749101639,0.36766716837882996,0.22411371767520905,-0.051788728684186935,0.3370071053504944,0.15520238876342773,-0.055868733674287796,0.3518827259540558,0.2207604944705963,-0.008527848869562149,0.3645668625831604,0.1509520411491394,-0.03912876546382904,0.3480652868747711,0.23330138623714447,-0.05317864194512367,0.3425920903682709,0.26230868697166443,-0.05823756381869316,0.3148653507232666,0.211214080452919,-0.006686822511255741,0.3220396935939789,0.156590074300766,-0.03692227602005005,0.3110716938972473,0.26398271322250366,-0.04240086302161217,0.31308162212371826,0.26969456672668457,-0.03946966305375099,0.27780860662460327,0.214446559548378,-0.010757590644061565,0.28036320209503174,0.1688314825296402,-0.04585982859134674,0.27536076307296753,0.27249300479888916,-0.03592895716428757,0.27930015325546265,0.28227174282073975,-0.020732568576931953,0.23611652851104736,0.21694321930408478,-0.016635660082101822,0.24170243740081787,0.1832316517829895,-0.03532033786177635,0.2441709339618683,0.2558727264404297,-0.02300124429166317,0.24655967950820923,0.2741858959197998,-0.008960558101534843
Right,0.2570265531539917,0.4418221116065979,-1.731559819972972e-07,0.305379718542099,0.4113810062408447,-0.02695421129465103,0.3600422739982605,0.3372986912727356,-0.03918331488966942,0.36688193678855896,0.22760161757469177,-0.04994552209973335,0.3404010534286499,0.15723615884780884,-0.05434926971793175,0.3514871597290039,0.22956611216068268,-0.006743347272276878,0.3644874095916748,0.1534166932106018,-0.03877183049917221,0.3491828441619873,0.22180205583572388,-0.05142049491405487,0.3415573835372925,0.2515464127063751,-0.05431848019361496,0.31388059258461,0.21714353561401367,-0.006084469612687826,0.31918707489967346,0.16150519251823425,-0.03693933039903641,0.30843842029571533,0.26835644245147705,-0.03892230615019798,0.31356093287467957,0.2746886909008026,-0.032551027834415436,0.2771158218383789,0.21810725331306458,-0.011804281733930111,0.2792651355266571,0.1701866090297699,-0.049483828246593475,0.2745303213596344,0.27520427107810974,-0.037771075963974,0.2789374887943268,0.2876192331314087,-0.02000405639410019,0.2357519567012787,0.2202780544757843,-0.01926957629621029,0.24157431721687317,0.18347525596618652,-0.04125886783003807,0.243881955742836,0.2585558295249939,-0.029303571209311485,0.2464900016784668,0.27829182147979736,-0.014174224808812141
Right,0.2578102946281433,0.44607359170913696,-1.1784442932594175e-07,0.3053942024707794,0.4107814431190491,-0.02884514071047306,0.3596269488334656,0.33282268047332764,-0.04149658605456352,0.3655117154121399,0.22532661259174347,-0.05195559933781624,0.3353073000907898,0.15621650218963623,-0.05592969059944153,0.3531827926635742,0.22647038102149963,-0.007786095142364502,0.3642783761024475,0.15297283232212067,-0.038476333022117615,0.346971720457077,0.23072350025177002,-0.05136989429593086,0.340069442987442,0.26262277364730835,-0.055021144449710846,0.3153117299079895,0.21553601324558258,-0.006347626447677612,0.3218439817428589,0.16008839011192322,-0.03632613271474838,0.31004226207733154,0.2682822346687317,-0.03989987075328827,0.31410935521125793,0.275154709815979,-0.035089440643787384,0.2775449752807617,0.21810606122016907,-0.011142075061798096,0.2797382175922394,0.17060770094394684,-0.0464358814060688,0.2740873694419861,0.2748841643333435,-0.03524173051118851,0.2787163257598877,0.28594106435775757,-0.018662823364138603,0.23528066277503967,0.22092720866203308,-0.017836924642324448,0.24069136381149292,0.1842024028301239,-0.03657713904976845,0.2421921193599701,0.2564731538295746,-0.023423003032803535,0.24451668560504913,0.2745142877101898,-0.008403884246945381
Right,0.2556160092353821,0.4498583674430847,-9.749606277864586e-08,0.3053075671195984,0.41607290506362915,-0.033670876175165176,0.36028918623924255,0.33651232719421387,-0.04787396267056465,0.3651524484157562,0.22614151239395142,-0.05887205898761749,0.33468323945999146,0.15498767793178558,-0.0633276104927063,0.3519935607910156,0.22619879245758057,-0.008750309236347675,0.36369043588638306,0.15352864563465118,-0.03975643590092659,0.34619683027267456,0.2363530993461609,-0.0541313961148262,0.3395909070968628,0.26885461807250977,-0.05876004695892334,0.3139464557170868,0.21539939939975739,-0.004083511419594288,0.3212026059627533,0.1586536467075348,-0.03460274636745453,0.3097759783267975,0.26712116599082947,-0.040393996983766556,0.3121916949748993,0.2743349075317383,-0.03676842153072357,0.27614203095436096,0.21702003479003906,-0.006032819394022226,0.27881062030792236,0.17216719686985016,-0.04187125340104103,0.27268728613853455,0.2759923040866852,-0.032828837633132935,0.2763237953186035,0.2852584719657898,-0.017304526641964912,0.23434191942214966,0.21696045994758606,-0.010107762180268764,0.2412288337945938,0.18459555506706238,-0.028845909982919693,0.2420830875635147,0.25851088762283325,-0.01644221320748329,0.2433381974697113,0.2764166593551636,-0.001855109236203134
Right,0.2589486837387085,0.4470241963863373,-9.977602388744344e-08,0.3095269203186035,0.409978449344635,-0.03132801875472069,0.35761401057243347,0.33523327112197876,-0.04627509042620659,0.36649584770202637,0.23211520910263062,-0.059190161526203156,0.3395836055278778,0.16259485483169556,-0.06591887772083282,0.3513813614845276,0.228521928191185,-0.008310370147228241,0.36018839478492737,0.15429410338401794,-0.04092637822031975,0.34626156091690063,0.22878293693065643,-0.05601286515593529,0.3404808044433594,0.26628389954566956,-0.060729000717401505,0.31311559677124023,0.2179926335811615,-0.005434191785752773,0.31702470779418945,0.1603683978319168,-0.0375707745552063,0.3075905442237854,0.26410937309265137,-0.04259203001856804,0.3112246096134186,0.27878183126449585,-0.03840772807598114,0.2758326828479767,0.21993282437324524,-0.009273086674511433,0.27710261940956116,0.17170774936676025,-0.04626275226473808,0.27395138144493103,0.2708814740180969,-0.03662014380097389,0.2777446508407593,0.2897849380970001,-0.020492637529969215,0.23477867245674133,0.22379809617996216,-0.015379601158201694,0.23986122012138367,0.18533262610435486,-0.03638989105820656,0.24338534474372864,0.2551068961620331,-0.025554804131388664,0.24642956256866455,0.2801132798194885,-0.011516020633280277
Right,0.25643447041511536,0.4472249746322632,-1.1421762735608354e-07,0.306265652179718,0.41106557846069336,-0.03142353147268295,0.3605116009712219,0.3309841454029083,-0.044127192348241806,0.3614674210548401,0.22292649745941162,-0.054003652185201645,0.3291047513484955,0.15630963444709778,-0.05761071667075157,0.3536974787712097,0.2256152182817459,-0.008339955471456051,0.3647015690803528,0.15619927644729614,-0.03968110308051109,0.3470313847064972,0.23541782796382904,-0.054748017340898514,0.3415203094482422,0.2655830681324005,-0.06004545837640762,0.3155534863471985,0.21586497128009796,-0.005374878644943237,0.32267338037490845,0.1606927067041397,-0.037196606397628784,0.3110923171043396,0.2655029594898224,-0.04438153654336929,0.3131910562515259,0.2739611864089966,-0.041699107736349106,0.2777303457260132,0.2183464765548706,-0.008662812411785126,0.278688907623291,0.17188945412635803,-0.045711908489465714,0.2727415859699249,0.2754240036010742,-0.037331391125917435,0.2774997353553772,0.28845107555389404,-0.02204403653740883,0.2357175052165985,0.22004587948322296,-0.013863188214600086,0.23949092626571655,0.1861678957939148,-0.033372893929481506,0.2411152422428131,0.2597038447856903,-0.021380193531513214,0.24401137232780457,0.2792032063007355,-0.0070438990369439125
Right,0.25580206513404846,0.44762682914733887,-1.8074865693051834e-07,0.3032197952270508,0.41286444664001465,-0.027690429240465164,0.3531830906867981,0.3384447693824768,-0.04094250872731209,0.3587932288646698,0.236372172832489,-0.052537109702825546,0.33250659704208374,0.16741147637367249,-0.057955674827098846,0.3524715006351471,0.23248261213302612,-0.009392255917191505,0.361298143863678,0.15442606806755066,-0.04140332341194153,0.3449227213859558,0.22823962569236755,-0.05527646467089653,0.3399415910243988,0.2639320492744446,-0.059313081204891205,0.31335708498954773,0.21815291047096252,-0.008152885362505913,0.31510868668556213,0.16445106267929077,-0.039573706686496735,0.3037773668766022,0.26871463656425476,-0.043124981224536896,0.30738118290901184,0.2805521786212921,-0.03824644163250923,0.2752643823623657,0.2178972363471985,-0.013011179864406586,0.27420711517333984,0.172567218542099,-0.04933028295636177,0.27020731568336487,0.2741542160511017,-0.03870927169919014,0.274655818939209,0.2915630042552948,-0.02241906337440014,0.23346374928951263,0.22059676051139832,-0.019754482433199883,0.23631501197814941,0.18675440549850464,-0.040799349546432495,0.2392016053199768,0.2594297528266907,-0.029553260654211044,0.24265016615390778,0.28243309259414673,-0.015292473137378693
Right,0.2504391670227051,0.44232267141342163,-1.6467099328565382e-07,0.29740872979164124,0.4154524803161621,-0.027350544929504395,0.3526134192943573,0.3384139835834503,-0.037980273365974426,0.3577858507633209,0.22891773283481598,-0.046659838408231735,0.3277941644191742,0.1645345687866211,-0.04877282306551933,0.350068062543869,0.2330922782421112,-0.005554754287004471,0.36069247126579285,0.15241187810897827,-0.03600363805890083,0.341041624546051,0.2313515841960907,-0.04997826740145683,0.33613020181655884,0.2692646086215973,-0.05452582612633705,0.31232476234436035,0.21828298270702362,-0.004353621043264866,0.3154290020465851,0.15647581219673157,-0.03475604206323624,0.3044792115688324,0.2588728070259094,-0.039519086480140686,0.3090269863605499,0.27720558643341064,-0.0353366881608963,0.2743779420852661,0.21806488931179047,-0.009286707267165184,0.27398186922073364,0.16822977364063263,-0.044942840933799744,0.26918500661849976,0.270044207572937,-0.035754118114709854,0.2745547890663147,0.2929005026817322,-0.02005782723426819,0.2328311651945114,0.22136983275413513,-0.016071241348981857,0.23683103919029236,0.18486261367797852,-0.03618737310171127,0.23819763958454132,0.2573217749595642,-0.02531915344297886,0.2414020597934723,0.28220024704933167,-0.011395526118576527
Right,0.24974265694618225,0.4411582946777344,-1.1208636152559848e-07,0.2964155673980713,0.4093347191810608,-0.02895982190966606,0.3503296971321106,0.33311253786087036,-0.03915394842624664,0.3573876619338989,0.22725552320480347,-0.04667067900300026,0.331897497177124,0.1597040891647339,-0.04769081249833107,0.34870684146881104,0.23059839010238647,-0.004383856430649757,0.35278764367103577,0.15823477506637573,-0.03341865539550781,0.33641108870506287,0.23392853140830994,-0.04707161709666252,0.33380720019340515,0.26658210158348083,-0.05177928879857063,0.31167522072792053,0.21783334016799927,-0.0016651884652674198,0.3104054629802704,0.1620771586894989,-0.031227698549628258,0.3011924922466278,0.2663184106349945,-0.03653186932206154,0.30725300312042236,0.28043755888938904,-0.0327572338283062,0.274018257856369,0.2189825475215912,-0.005173467565327883,0.270526647567749,0.1724441647529602,-0.040122173726558685,0.2659042179584503,0.27341464161872864,-0.03142457827925682,0.272090345621109,0.2898901104927063,-0.016157468780875206,0.23221710324287415,0.22283953428268433,-0.010614588856697083,0.23384250700473785,0.18994396924972534,-0.03030226193368435,0.2349567711353302,0.2597820460796356,-0.019648352637887,0.2384701371192932,0.2790391743183136,-0.005870234686881304
Right,0.2532041072845459,0.4487341642379761,-1.7269948671128077e-07,0.2995768189430237,0.41191405057907104,-0.03212999925017357,0.3524007201194763,0.33657488226890564,-0.046709027141332626,0.3599836826324463,0.23452869057655334,-0.05853979289531708,0.3328414857387543,0.16935604810714722,-0.06391432136297226,0.3480149805545807,0.2255048155784607,-0.011917372234165668,0.3555249273777008,0.15939176082611084,-0.043178051710128784,0.3397977650165558,0.24084575474262238,-0.05662158131599426,0.33692407608032227,0.26741310954093933,-0.06144111976027489,0.30989474058151245,0.21438677608966827,-0.009042457677423954,0.31295788288116455,0.16429123282432556,-0.04007894545793533,0.30234095454216003,0.2744797170162201,-0.04340284690260887,0.30673447251319885,0.2761863172054291,-0.03857753425836563,0.27269503474235535,0.21729616820812225,-0.012630308046936989,0.27128347754478455,0.1781844049692154,-0.04841763153672218,0.2679162919521332,0.28075966238975525,-0.03734289109706879,0.2740339934825897,0.2863554358482361,-0.021369604393839836,0.2313869446516037,0.22130268812179565,-0.01853981986641884,0.23217229545116425,0.19416570663452148,-0.03834836184978485,0.23662282526493073,0.26560482382774353,-0.026742609217762947,0.24180740118026733,0.2813061475753784,-0.013054899871349335
Right,0.2537343502044678,0.44131895899772644,-9.560375957562428e-08,0.301175594329834,0.4096623659133911,-0.03230955824255943,0.35317835211753845,0.3385036289691925,-0.04521644860506058,0.35956916213035583,0.23438170552253723,-0.05499226599931717,0.33404767513275146,0.16355104744434357,-0.05822553113102913,0.3484368920326233,0.22567328810691833,-0.006714841350913048,0.356512188911438,0.16432106494903564,-0.0367247611284256,0.34053415060043335,0.2400381714105606,-0.05030278116464615,0.33727899193763733,0.26425430178642273,-0.055182985961437225,0.31136438250541687,0.21292930841445923,-0.00285507133230567,0.31331539154052734,0.16317301988601685,-0.03474939242005348,0.303790807723999,0.269258052110672,-0.04073752835392952,0.3085368871688843,0.2773922383785248,-0.03712566941976547,0.2733469605445862,0.2149202525615692,-0.005544237792491913,0.2707127332687378,0.17709991335868835,-0.04252176731824875,0.26776251196861267,0.2788679599761963,-0.03364729881286621,0.2739812135696411,0.28937336802482605,-0.018062936142086983,0.23076200485229492,0.21940776705741882,-0.010294833220541477,0.23257388174533844,0.18936696648597717,-0.030784612521529198,0.2352483868598938,0.25905144214630127,-0.020148441195487976,0.23975571990013123,0.2757563591003418,-0.006488224491477013
Right,0.24995209276676178,0.44639092683792114,-1.2097925150555966e-07,0.29835566878318787,0.412713885307312,-0.03178824484348297,0.3532806634902954,0.33336371183395386,-0.043909162282943726,0.3584411144256592,0.22255021333694458,-0.05278882384300232,0.32972341775894165,0.15402022004127502,-0.054701488465070724,0.34842729568481445,0.2259705364704132,-0.007741033565253019,0.3562760651111603,0.15407449007034302,-0.037052035331726074,0.3398691415786743,0.23780250549316406,-0.05021550506353378,0.3379237949848175,0.2678438723087311,-0.054675593972206116,0.31046921014785767,0.21560066938400269,-0.0035574345383793116,0.3127347230911255,0.16071933507919312,-0.03281819820404053,0.30366164445877075,0.2702327072620392,-0.03685159236192703,0.3095627427101135,0.2767403721809387,-0.032647524029016495,0.2724561095237732,0.2178674191236496,-0.005808121990412474,0.2703618109226227,0.1732681393623352,-0.0401308573782444,0.26662927865982056,0.2769145667552948,-0.02973257377743721,0.2733325660228729,0.28749793767929077,-0.013858258724212646,0.23047062754631042,0.21983686089515686,-0.01021222211420536,0.23226843774318695,0.18587499856948853,-0.027684060856699944,0.23542420566082,0.2575339376926422,-0.01523749902844429,0.23955859243869781,0.2757139503955841,-0.000980776036158204
Right,0.2517698407173157,0.4464646875858307,-1.434163863223148e-07,0.2994803190231323,0.41481536626815796,-0.03509623184800148,0.35299333930015564,0.3324734568595886,-0.04996141791343689,0.3564037084579468,0.21769820153713226,-0.06169683486223221,0.3249599039554596,0.1497248113155365,-0.06646879017353058,0.3463303744792938,0.22833044826984406,-0.007784795016050339,0.35301220417022705,0.16235420107841492,-0.041115205734968185,0.33660075068473816,0.2428344041109085,-0.05619363486766815,0.33317261934280396,0.27143198251724243,-0.06144113466143608,0.3083156943321228,0.21491864323616028,-0.00366084068082273,0.307336688041687,0.16033954918384552,-0.03644339740276337,0.29674553871154785,0.27153274416923523,-0.040399979799985886,0.3033457398414612,0.2780601680278778,-0.0348939374089241,0.2705863416194916,0.21573248505592346,-0.006985459476709366,0.266244113445282,0.17203691601753235,-0.0457451269030571,0.2621273100376129,0.27834078669548035,-0.03442388400435448,0.2691509425640106,0.2893909811973572,-0.016616974025964737,0.22870247066020966,0.21771417558193207,-0.012871733866631985,0.22878454625606537,0.18507438898086548,-0.034313276410102844,0.23095092177391052,0.25942540168762207,-0.02217797562479973,0.23523040115833282,0.2779512405395508,-0.007068464532494545
Right,0.24985074996948242,0.4441550672054291,-1.3754721805980807e-07,0.29487845301628113,0.4115244448184967,-0.03434830531477928,0.3478538691997528,0.3343227803707123,-0.04978977143764496,0.352454274892807,0.22502851486206055,-0.062188729643821716,0.32464250922203064,0.15428192913532257,-0.06796783953905106,0.34537503123283386,0.22507163882255554,-0.01153299305588007,0.3539714217185974,0.16324655711650848,-0.04436004161834717,0.3375130891799927,0.2371196150779724,-0.058368127793073654,0.3328210711479187,0.25787824392318726,-0.06323489546775818,0.306768536567688,0.21106839179992676,-0.007868703454732895,0.30802956223487854,0.16376802325248718,-0.04061873257160187,0.29645031690597534,0.2728108763694763,-0.044663675129413605,0.30218878388404846,0.27106553316116333,-0.03987659886479378,0.26867756247520447,0.2124917358160019,-0.011175588704645634,0.26631665229797363,0.17391417920589447,-0.049256615340709686,0.26261961460113525,0.27821964025497437,-0.038403816521167755,0.2693292200565338,0.2828461527824402,-0.021918341517448425,0.22643733024597168,0.215271458029747,-0.01692011207342148,0.22801411151885986,0.18757736682891846,-0.038337014615535736,0.23080922663211823,0.25829219818115234,-0.027238378301262856,0.23551994562149048,0.27163565158843994,-0.013533135876059532
Right,0.2520793676376343,0.446037232875824,-1.4133306081021146e-07,0.2978397011756897,0.41093453764915466,-0.03342283517122269,0.35204923152923584,0.3314884603023529,-0.04749027267098427,0.3579583168029785,0.22279897332191467,-0.05801332741975784,0.3286780118942261,0.15429414808750153,-0.06130274012684822,0.34482741355895996,0.21909670531749725,-0.012830203399062157,0.35399100184440613,0.1535455882549286,-0.04444779083132744,0.3382757008075714,0.2381524294614792,-0.057130441069602966,0.3358878493309021,0.2637336552143097,-0.061123378574848175,0.3064486086368561,0.20933809876441956,-0.009023433551192284,0.31057417392730713,0.15942996740341187,-0.03901868686079979,0.2987789809703827,0.2728937566280365,-0.04084288701415062,0.3051328957080841,0.269305020570755,-0.03521810844540596,0.2691349685192108,0.21176058053970337,-0.012042295187711716,0.26868554949760437,0.17271694540977478,-0.04730479419231415,0.2641725242137909,0.27852877974510193,-0.034920670092105865,0.27214545011520386,0.2794347405433655,-0.018211252987384796,0.2278614342212677,0.2135511040687561,-0.0174733754247427,0.22991308569908142,0.1848880648612976,-0.036019422113895416,0.2325972616672516,0.25692442059516907,-0.02321016602218151,0.2368468940258026,0.26901009678840637,-0.009009947068989277
Right,0.24892182648181915,0.4510473310947418,-2.082778678413888e-07,0.2942083775997162,0.4169203042984009,-0.033746011555194855,0.3480018675327301,0.3366621732711792,-0.04697057604789734,0.35408610105514526,0.2320363074541092,-0.05643733590841293,0.3282482326030731,0.1645994782447815,-0.05885251984000206,0.34755709767341614,0.2251296490430832,-0.012291190214455128,0.3556915521621704,0.15912394225597382,-0.04272927716374397,0.3368591368198395,0.24152691662311554,-0.05572621896862984,0.3341483175754547,0.26544439792633057,-0.06035958230495453,0.3096166253089905,0.21208181977272034,-0.008671401999890804,0.3151308596134186,0.15612930059432983,-0.03889325633645058,0.3015608787536621,0.26745912432670593,-0.04176991805434227,0.30520278215408325,0.27105650305747986,-0.036047108471393585,0.27175045013427734,0.21421371400356293,-0.011643188074231148,0.270813912153244,0.17296744883060455,-0.04663095250725746,0.26589056849479675,0.2772446274757385,-0.03528108447790146,0.2725445628166199,0.2829205095767975,-0.018722940236330032,0.23031467199325562,0.2189243882894516,-0.01707540452480316,0.23149043321609497,0.1883387565612793,-0.035559043288230896,0.23464059829711914,0.258922278881073,-0.022901734337210655,0.23892901837825775,0.27276214957237244,-0.008394152857363224
Right,0.24973763525485992,0.4488791823387146,-1.4733593900473352e-07,0.29616034030914307,0.41185224056243896,-0.03374740108847618,0.34938105940818787,0.3328569233417511,-0.04920295625925064,0.3563085198402405,0.22647789120674133,-0.06142263114452362,0.32747888565063477,0.1573256552219391,-0.06655890494585037,0.34573617577552795,0.22059907019138336,-0.012099267914891243,0.3538631498813629,0.1549832820892334,-0.04382631927728653,0.33749303221702576,0.23517361283302307,-0.0569496750831604,0.3331180512905121,0.2608916461467743,-0.061140257865190506,0.3074416518211365,0.2095406949520111,-0.008425620384514332,0.3096766471862793,0.15860743820667267,-0.03940359130501747,0.2985347509384155,0.27079853415489197,-0.04173049330711365,0.30423468351364136,0.2707826793193817,-0.03570874035358429,0.27020183205604553,0.21232929825782776,-0.011524136178195477,0.2675418257713318,0.17342382669448853,-0.04685458540916443,0.2639901041984558,0.2777116596698761,-0.03451893478631973,0.2710655927658081,0.28152036666870117,-0.0174684077501297,0.22918838262557983,0.21596403419971466,-0.017172014340758324,0.2300654947757721,0.19016601145267487,-0.03559087961912155,0.23296883702278137,0.2606595754623413,-0.022734884172677994,0.23711484670639038,0.27300941944122314,-0.008118663914501667
Right,0.24947595596313477,0.4460069239139557,-1.6368622368645447e-07,0.30011895298957825,0.4026629626750946,-0.027046209201216698,0.35186994075775146,0.32518771290779114,-0.040440045297145844,0.3557879328727722,0.22121866047382355,-0.05245034396648407,0.32415175437927246,0.15825572609901428,-0.058153003454208374,0.3453144431114197,0.21932651102542877,-0.007269596680998802,0.35463792085647583,0.1516052633523941,-0.037870120257139206,0.34006816148757935,0.224326029419899,-0.051041774451732635,0.33532604575157166,0.25158727169036865,-0.05553833022713661,0.30687016248703003,0.20693877339363098,-0.00751327071338892,0.3089026212692261,0.15690256655216217,-0.036932408809661865,0.29849937558174133,0.2654731869697571,-0.039002660661935806,0.3046616017818451,0.26791346073150635,-0.03350226208567619,0.26964759826660156,0.20983359217643738,-0.013981350697577,0.26762595772743225,0.1713012456893921,-0.04852330684661865,0.2649684548377991,0.273479700088501,-0.036638546735048294,0.27186769247055054,0.2803148627281189,-0.020279666408896446,0.22838237881660461,0.21628539264202118,-0.02254197932779789,0.22971323132514954,0.18845206499099731,-0.04112114757299423,0.23373982310295105,0.25955361127853394,-0.0283518023788929,0.2383277863264084,0.2756440043449402,-0.013908657245337963
Right,0.24800118803977966,0.4397119879722595,-1.5497067806791165e-07,0.2980533242225647,0.40261727571487427,-0.028449665755033493,0.35143303871154785,0.32829317450523376,-0.042394448071718216,0.35600757598876953,0.22129520773887634,-0.054506536573171616,0.3264080584049225,0.15134769678115845,-0.060051776468753815,0.34498658776283264,0.21964362263679504,-0.01031435001641512,0.35468989610671997,0.14359624683856964,-0.042758069932460785,0.33964216709136963,0.22033387422561646,-0.05634452775120735,0.3344998359680176,0.2520850896835327,-0.06041184067726135,0.30663344264030457,0.20830577611923218,-0.009146363474428654,0.3079995810985565,0.1542762964963913,-0.04085490107536316,0.2979814410209656,0.2639681398868561,-0.04405531287193298,0.30348795652389526,0.26901304721832275,-0.03912990912795067,0.2695392370223999,0.21005511283874512,-0.014142769388854504,0.2667861580848694,0.16681590676307678,-0.05072272941470146,0.26354554295539856,0.2711663842201233,-0.0392412394285202,0.2699800133705139,0.28151029348373413,-0.022591054439544678,0.22813983261585236,0.2125641405582428,-0.021091099828481674,0.2294529527425766,0.18169431388378143,-0.04127126559615135,0.2330937385559082,0.2541690468788147,-0.029190821573138237,0.2376745641231537,0.2720367908477783,-0.014796784147620201
Right,0.24871647357940674,0.4448493421077728,-7.345237662548243e-08,0.29821687936782837,0.41011130809783936,-0.03538136184215546,0.35175400972366333,0.32800787687301636,-0.04962052404880524,0.3543865382671356,0.2138507068157196,-0.059924595057964325,0.3244675397872925,0.14075428247451782,-0.06274918466806412,0.34555497765541077,0.21496638655662537,-0.009930793195962906,0.3533349633216858,0.1483510583639145,-0.04038958251476288,0.33724093437194824,0.22740620374679565,-0.0524747408926487,0.33373719453811646,0.25384724140167236,-0.055676355957984924,0.3064082860946655,0.20525112748146057,-0.0046156663447618484,0.31014999747276306,0.15367001295089722,-0.033721309155225754,0.299617737531662,0.2644522190093994,-0.03556818887591362,0.30788859724998474,0.26405274868011475,-0.02940714731812477,0.2680734694004059,0.2081230878829956,-0.0065435548312962055,0.2661111354827881,0.16719751060009003,-0.04116171970963478,0.2622699737548828,0.2714102864265442,-0.029571227729320526,0.2710435390472412,0.27524077892303467,-0.012833668850362301,0.2263352870941162,0.20988249778747559,-0.011035826057195663,0.22683855891227722,0.17931227385997772,-0.028382493183016777,0.22962772846221924,0.24873901903629303,-0.015669692307710648,0.2345413863658905,0.26023516058921814,-0.0013698793482035398
Right,0.24748677015304565,0.43824535608291626,-1.4185465602167824e-07,0.2981765568256378,0.3986761271953583,-0.03129321709275246,0.35050883889198303,0.32492372393608093,-0.045220088213682175,0.3560429811477661,0.220863476395607,-0.05623401701450348,0.3258768320083618,0.1549089550971985,-0.06035826727747917,0.34322667121887207,0.21604205667972565,-0.01242123730480671,0.35096269845962524,0.14486952126026154,-0.04373777285218239,0.33627352118492126,0.22490477561950684,-0.056327853351831436,0.3322722911834717,0.25571441650390625,-0.05989152565598488,0.3038342595100403,0.20557260513305664,-0.009242439642548561,0.30591893196105957,0.15147185325622559,-0.0405593179166317,0.29654160141944885,0.2631601095199585,-0.04307638853788376,0.30188482999801636,0.26983463764190674,-0.03748844563961029,0.266397625207901,0.20709069073200226,-0.012431599199771881,0.2645254135131836,0.16405999660491943,-0.04810759425163269,0.2615833878517151,0.26868391036987305,-0.036259960383176804,0.2682972550392151,0.2781563103199005,-0.019350945949554443,0.22526642680168152,0.20926737785339355,-0.017883438616991043,0.22740669548511505,0.1769341081380844,-0.03623155131936073,0.23092436790466309,0.24761885404586792,-0.02365041896700859,0.23505136370658875,0.2643410563468933,-0.009258395992219448
Right,0.24813348054885864,0.4474312365055084,-1.1710758940353116e-07,0.2991742789745331,0.4092499017715454,-0.03437448665499687,0.3543514013290405,0.3261287212371826,-0.04923228174448013,0.3588614761829376,0.21289362013339996,-0.06034206598997116,0.325539231300354,0.14546868205070496,-0.06410787999629974,0.34278082847595215,0.21165573596954346,-0.014036323875188828,0.3508377969264984,0.14226263761520386,-0.045062124729156494,0.33645540475845337,0.22633537650108337,-0.056345563381910324,0.33242496848106384,0.25520196557044983,-0.05881784111261368,0.3031028211116791,0.20459453761577606,-0.009799843654036522,0.30657902359962463,0.15211136639118195,-0.03818122670054436,0.2963400185108185,0.26714348793029785,-0.03812171891331673,0.30349478125572205,0.2648492455482483,-0.031222615391016006,0.2655390799045563,0.2085677683353424,-0.012486453168094158,0.26496779918670654,0.16631650924682617,-0.046885546296834946,0.2613864243030548,0.2733614444732666,-0.03393109515309334,0.26902663707733154,0.27604973316192627,-0.016755640506744385,0.2244364470243454,0.2111530601978302,-0.017693575471639633,0.22703006863594055,0.17911677062511444,-0.03491180017590523,0.23095008730888367,0.252346009016037,-0.021170079708099365,0.2349240928888321,0.26560091972351074,-0.006378426682204008
Right,0.2483954280614853,0.4423268735408783,-1.121790162983416e-07,0.29926028847694397,0.40092960000038147,-0.03080153651535511,0.3495101034641266,0.3247160315513611,-0.04600352421402931,0.3548840284347534,0.21717944741249084,-0.05914819985628128,0.3257882595062256,0.14435824751853943,-0.06576233357191086,0.34264177083969116,0.2114538550376892,-0.009077823720872402,0.3512852191925049,0.14174425601959229,-0.041398417204618454,0.33726587891578674,0.21405409276485443,-0.05475110933184624,0.330425888299942,0.24384428560733795,-0.05813691392540932,0.30344685912132263,0.2020610272884369,-0.006566795986145735,0.30601879954338074,0.15016773343086243,-0.037690676748752594,0.2963510751724243,0.25978589057922363,-0.04030858725309372,0.3015906810760498,0.2653704285621643,-0.03450426086783409,0.26551657915115356,0.2058432698249817,-0.010778648778796196,0.2643669843673706,0.16492515802383423,-0.04707753285765648,0.2616882622241974,0.26849573850631714,-0.03551207110285759,0.26738595962524414,0.2784527838230133,-0.018414795398712158,0.22372911870479584,0.21043798327445984,-0.0172105822712183,0.22631867229938507,0.17681379616260529,-0.03634416684508324,0.23056305944919586,0.2467738538980484,-0.023936405777931213,0.23496615886688232,0.2645299732685089,-0.009308072738349438
Right,0.247356116771698,0.44143110513687134,-1.1096203422766848e-07,0.2994764745235443,0.4023025631904602,-0.03147796168923378,0.3541857600212097,0.3234544098377228,-0.0443756990134716,0.35667935013771057,0.2126188427209854,-0.05422639101743698,0.32336318492889404,0.14523302018642426,-0.057141292840242386,0.3427748680114746,0.2118729203939438,-0.009859723038971424,0.3522598445415497,0.13947518169879913,-0.041378434747457504,0.33640217781066895,0.21944525837898254,-0.05432578921318054,0.3301015794277191,0.25035515427589417,-0.05774856358766556,0.3039061427116394,0.20479942858219147,-0.0067549655213952065,0.3068276643753052,0.1502476930618286,-0.03724263235926628,0.2971262037754059,0.2613743841648102,-0.04098762944340706,0.3021650016307831,0.2655884325504303,-0.036336883902549744,0.2662310302257538,0.2084978222846985,-0.010230145417153835,0.26515743136405945,0.16288575530052185,-0.0458873026072979,0.2610556483268738,0.26961538195610046,-0.03523069620132446,0.26712319254875183,0.27797988057136536,-0.019012724980711937,0.22417856752872467,0.21144938468933105,-0.015888381749391556,0.22698891162872314,0.17792239785194397,-0.0337873138487339,0.22998236119747162,0.25063225626945496,-0.02093016915023327,0.2330886423587799,0.26612186431884766,-0.006394095718860626
Right,0.24992114305496216,0.44335347414016724,-9.100138242956746e-08,0.30025941133499146,0.40189114212989807,-0.03455707058310509,0.3534977436065674,0.32233181595802307,-0.04800242558121681,0.3592475354671478,0.21504351496696472,-0.05778408423066139,0.3273530602455139,0.14691880345344543,-0.06046086922287941,0.3431931734085083,0.21247318387031555,-0.008527567610144615,0.3506198525428772,0.1493948996067047,-0.038824960589408875,0.33571285009384155,0.232152059674263,-0.0516994446516037,0.3342898190021515,0.25606223940849304,-0.0558672659099102,0.3056161403656006,0.20258712768554688,-0.0032310509122908115,0.307841956615448,0.15177074074745178,-0.03324591740965843,0.29743102192878723,0.26378557085990906,-0.03640816733241081,0.3031531870365143,0.2637938857078552,-0.0312950573861599,0.26753804087638855,0.20507372915744781,-0.00501738116145134,0.2658132314682007,0.16406399011611938,-0.040765803307294846,0.26226574182510376,0.269963800907135,-0.03003644570708275,0.26903030276298523,0.27421116828918457,-0.013660621829330921,0.22493332624435425,0.20708175003528595,-0.009223640896379948,0.227047398686409,0.17677906155586243,-0.027432449162006378,0.2299908846616745,0.24737362563610077,-0.015331213362514973,0.23311683535575867,0.26084765791893005,-0.0013688831822946668
Right,0.24870499968528748,0.4372274875640869,-1.388440011851344e-07,0.3017807602882385,0.4004807472229004,-0.028359483927488327,0.3573596775531769,0.32153743505477905,-0.03908086195588112,0.36027976870536804,0.21078088879585266,-0.047266773879528046,0.3273417353630066,0.14651232957839966,-0.04883928596973419,0.3438079059123993,0.22031481564044952,-0.006737780757248402,0.3537096679210663,0.14603307843208313,-0.03622354194521904,0.33855289220809937,0.23108357191085815,-0.049108751118183136,0.3349682092666626,0.26397275924682617,-0.05356237664818764,0.3058391809463501,0.20971855521202087,-0.004373392555862665,0.30960988998413086,0.15002843737602234,-0.0337783508002758,0.30055075883865356,0.2612043023109436,-0.03760359808802605,0.3049964904785156,0.2708165645599365,-0.03356194496154785,0.26787620782852173,0.21140582859516144,-0.008128279820084572,0.26890087127685547,0.16197405755519867,-0.04233898967504501,0.2645328640937805,0.26734960079193115,-0.0311190914362669,0.26901569962501526,0.2790602743625641,-0.014948999509215355,0.22495046257972717,0.2132917046546936,-0.013781202957034111,0.23077920079231262,0.1755339503288269,-0.03134042024612427,0.2325281947851181,0.24680152535438538,-0.018600868061184883,0.23406681418418884,0.26410365104675293,-0.00443135155364871
Right,0.2494654655456543,0.43430694937705994,-1.5287028531929536e-07,0.2998603880405426,0.40661680698394775,-0.034242644906044006,0.3587861657142639,0.32539281249046326,-0.04691048711538315,0.3612214922904968,0.21536344289779663,-0.05508177727460861,0.3269285559654236,0.15019696950912476,-0.05611256882548332,0.3455248475074768,0.2158227413892746,-0.014836767688393593,0.3504870533943176,0.14356876909732819,-0.04545217007398605,0.3346548080444336,0.23589694499969482,-0.0599595345556736,0.3320583999156952,0.26794788241386414,-0.06561161577701569,0.3062472939491272,0.2078218162059784,-0.00875045545399189,0.3054673373699188,0.15123343467712402,-0.03820329159498215,0.2977648973464966,0.267078697681427,-0.042185720056295395,0.3034594655036926,0.2732824385166168,-0.03845652937889099,0.26842111349105835,0.21068620681762695,-0.008793790824711323,0.2648027539253235,0.16362378001213074,-0.04160693287849426,0.26205363869667053,0.2710631191730499,-0.0289631187915802,0.2686682939529419,0.28259193897247314,-0.012525438331067562,0.22712531685829163,0.2107652723789215,-0.011281730607151985,0.22925980389118195,0.17702682316303253,-0.028298480436205864,0.23106835782527924,0.25125303864479065,-0.014593693427741528,0.23350271582603455,0.26936012506484985,0.00026147099561057985
Right,0.25085270404815674,0.44252485036849976,-4.9951413672033596e-08,0.30008935928344727,0.41195040941238403,-0.03478982299566269,0.35590294003486633,0.3291547894477844,-0.048600293695926666,0.3574574291706085,0.2133733034133911,-0.058972060680389404,0.32575973868370056,0.14160887897014618,-0.062279872596263885,0.3481372594833374,0.21928457915782928,-0.00581866130232811,0.3586209714412689,0.1549758017063141,-0.03623288869857788,0.3406949043273926,0.2357112616300583,-0.049838993698358536,0.3356970548629761,0.26228079199790955,-0.05444461852312088,0.3108132779598236,0.20701587200164795,-0.0005861122044734657,0.3145723044872284,0.15387755632400513,-0.030051063746213913,0.30334827303886414,0.2638338506221771,-0.033980593085289,0.31035810708999634,0.2672520577907562,-0.029136095196008682,0.27269989252090454,0.20931440591812134,-0.0025909957475960255,0.27174055576324463,0.16743969917297363,-0.03754200041294098,0.26616355776786804,0.2726990282535553,-0.026803499087691307,0.273260235786438,0.2807284891605377,-0.01037929579615593,0.2298993468284607,0.21048353612422943,-0.00710174348205328,0.23240694403648376,0.1825324296951294,-0.02545764297246933,0.23332622647285461,0.2544865012168884,-0.013390697538852692,0.23744092881679535,0.26838237047195435,0.0007293573580682278
Right,0.2500077188014984,0.4439852237701416,-1.6640507638499002e-08,0.3004157543182373,0.4122554361820221,-0.038554511964321136,0.35633012652397156,0.33262544870376587,-0.05443941429257393,0.36068111658096313,0.2147010862827301,-0.06604481488466263,0.3281001150608063,0.14605605602264404,-0.0704297423362732,0.347327321767807,0.21738706529140472,-0.007811453193426132,0.3557848036289215,0.15360137820243835,-0.03830558434128761,0.3396025598049164,0.23372098803520203,-0.05210701748728752,0.3361263871192932,0.2608898878097534,-0.056624606251716614,0.30916979908943176,0.20670759677886963,-0.0006444018217734993,0.31230512261390686,0.15299782156944275,-0.02985331602394581,0.3015170097351074,0.26351359486579895,-0.03313560411334038,0.3088865578174591,0.26392999291419983,-0.027547121047973633,0.27091896533966064,0.20931319892406464,-0.0010783163597807288,0.2695471942424774,0.16906747221946716,-0.03592061996459961,0.2649143934249878,0.271747887134552,-0.025066347792744637,0.2726594805717468,0.2741025984287262,-0.008437100797891617,0.22858178615570068,0.21013763546943665,-0.00432976707816124,0.23077431321144104,0.18302369117736816,-0.021185709163546562,0.23193097114562988,0.2538563311100006,-0.008069031871855259,0.23544526100158691,0.2647845149040222,0.006652800366282463
Right,0.25281664729118347,0.4419823884963989,-6.14042079405408e-08,0.30493927001953125,0.40502598881721497,-0.03149091452360153,0.3592851459980011,0.3245491683483124,-0.04471159726381302,0.3615235984325409,0.21168214082717896,-0.055589765310287476,0.32744017243385315,0.14361879229545593,-0.059960391372442245,0.347922146320343,0.21730521321296692,-0.0037124906666576862,0.3597719669342041,0.15293917059898376,-0.03543827682733536,0.3428998589515686,0.23212109506130219,-0.05078360065817833,0.335820734500885,0.2593781352043152,-0.05626319348812103,0.30999553203582764,0.2070414125919342,-0.000875056954100728,0.31615304946899414,0.1534884124994278,-0.03256284445524216,0.30566561222076416,0.2628289461135864,-0.03896768018603325,0.30916595458984375,0.2701825797557831,-0.03557252511382103,0.27136102318763733,0.2104942351579666,-0.004884304013103247,0.272400826215744,0.1654956042766571,-0.0421002097427845,0.2674417495727539,0.27153733372688293,-0.03281131386756897,0.2716863453388214,0.28282126784324646,-0.01668183133006096,0.22800034284591675,0.21323299407958984,-0.010957445949316025,0.23195244371891022,0.18093958497047424,-0.02997503988444805,0.23407196998596191,0.2531481385231018,-0.01750088296830654,0.23703698813915253,0.2701258957386017,-0.0028601125814020634
Right,0.25288575887680054,0.4422171115875244,-1.4121395963684336e-07,0.30318257212638855,0.406058669090271,-0.027292732149362564,0.3585871458053589,0.33037203550338745,-0.03949553892016411,0.3672676384449005,0.22356532514095306,-0.049770794808864594,0.3382757604122162,0.15566125512123108,-0.05382830649614334,0.3436879515647888,0.21863876283168793,-0.009449075907468796,0.356232225894928,0.14663225412368774,-0.03932547941803932,0.3420355021953583,0.22515159845352173,-0.05073629319667816,0.33609065413475037,0.25681087374687195,-0.053544625639915466,0.304742693901062,0.20836064219474792,-0.008382351137697697,0.3110096752643585,0.15379378199577332,-0.038067709654569626,0.30137312412261963,0.2618773579597473,-0.040901049971580505,0.3040967285633087,0.2696189284324646,-0.03607148304581642,0.2670287787914276,0.21239697933197021,-0.013089671730995178,0.2700950503349304,0.16698679327964783,-0.04806361719965935,0.266748309135437,0.27053776383399963,-0.03682873025536537,0.27020156383514404,0.28273433446884155,-0.020594825968146324,0.22591561079025269,0.21768265962600708,-0.019499758258461952,0.23182396590709686,0.18112990260124207,-0.03832745924592018,0.23532333970069885,0.2519589960575104,-0.025777485221624374,0.23732557892799377,0.27071717381477356,-0.011333508417010307
Right,0.2532999813556671,0.44249463081359863,-8.082025004796378e-08,0.3038215637207031,0.4080737233161926,-0.03333229571580887,0.35927772521972656,0.33164966106414795,-0.047737956047058105,0.36457359790802,0.22178882360458374,-0.05877441167831421,0.33238160610198975,0.1508198082447052,-0.06296456605195999,0.3468652665615082,0.21472586691379547,-0.011616826057434082,0.3581525683403015,0.15114504098892212,-0.04291162267327309,0.34205466508865356,0.23135921359062195,-0.05514834076166153,0.3355770707130432,0.25778043270111084,-0.058296531438827515,0.3079805374145508,0.2060355842113495,-0.00804439652711153,0.31517666578292847,0.1549227237701416,-0.03823704645037651,0.3038312792778015,0.2658154368400574,-0.04093202203512192,0.30856791138648987,0.26720699667930603,-0.035333529114723206,0.2702285945415497,0.20991922914981842,-0.011196872219443321,0.27238601446151733,0.16872522234916687,-0.04711970314383507,0.26720401644706726,0.274483323097229,-0.03537800908088684,0.2729473412036896,0.27940815687179565,-0.018383992835879326,0.22828707098960876,0.2133256494998932,-0.01660955138504505,0.23306682705879211,0.1827070415019989,-0.03493481129407883,0.2353525459766388,0.25510403513908386,-0.021392859518527985,0.23824608325958252,0.26888301968574524,-0.006338523700833321
Right,0.251750111579895,0.44536054134368896,-1.5739705361283995e-07,0.2991947829723358,0.4154306650161743,-0.03159644827246666,0.35722383856773376,0.338603675365448,-0.044924210757017136,0.3680082857608795,0.22857080399990082,-0.055758096277713776,0.3376632332801819,0.16214334964752197,-0.059740204364061356,0.34649690985679626,0.22505871951580048,-0.009433570317924023,0.35600966215133667,0.14816537499427795,-0.04038391262292862,0.34137627482414246,0.22889630496501923,-0.05232058838009834,0.3362797796726227,0.26411235332489014,-0.05502700433135033,0.3073992133140564,0.2152700275182724,-0.006170459091663361,0.3123818039894104,0.15435467660427094,-0.036890480667352676,0.30215850472450256,0.26550647616386414,-0.03852198272943497,0.30742377042770386,0.2727997899055481,-0.03167109191417694,0.27012085914611816,0.2174314260482788,-0.009599241428077221,0.272422730922699,0.16805650293827057,-0.045854780822992325,0.2681029438972473,0.273386150598526,-0.03289201483130455,0.27242419123649597,0.28489649295806885,-0.014680599793791771,0.22830507159233093,0.2183292657136917,-0.015389016829431057,0.2343744933605194,0.18294478952884674,-0.035215117037296295,0.23713919520378113,0.25667688250541687,-0.022373812273144722,0.23989200592041016,0.2753932476043701,-0.0072188307531178
Right,0.25200343132019043,0.4518435001373291,-7.324194228885972e-08,0.2989251911640167,0.41630882024765015,-0.03745705634355545,0.3519754111766815,0.3424283564090729,-0.05498698726296425,0.364829421043396,0.23530471324920654,-0.06887897104024887,0.3379150331020355,0.1577819287776947,-0.07556978613138199,0.34603849053382874,0.21919003129005432,-0.01337057538330555,0.35422587394714355,0.15422317385673523,-0.045965775847435,0.34027189016342163,0.23122712969779968,-0.057491276413202286,0.3356107771396637,0.25741806626319885,-0.05922612175345421,0.3075251877307892,0.2114039659500122,-0.007618893403559923,0.3126421868801117,0.15883636474609375,-0.0382005013525486,0.3004584312438965,0.27039214968681335,-0.03826306015253067,0.3066542148590088,0.26531580090522766,-0.02994447760283947,0.270478755235672,0.21408683061599731,-0.009426763281226158,0.27162960171699524,0.17581236362457275,-0.046469565480947495,0.2668626010417938,0.2799958884716034,-0.03363976255059242,0.27314862608909607,0.27818435430526733,-0.015341964550316334,0.22878780961036682,0.21418419480323792,-0.013981623575091362,0.23299729824066162,0.190272718667984,-0.033769652247428894,0.23590567708015442,0.2619534134864807,-0.02099430188536644,0.2389393448829651,0.272391140460968,-0.00584386708214879
Right,0.24708613753318787,0.5071386098861694,-8.066473355938797e-08,0.30232852697372437,0.47249579429626465,-0.022490056231617928,0.3542003333568573,0.39858952164649963,-0.03352496773004532,0.36867162585258484,0.30568888783454895,-0.044357627630233765,0.3552447259426117,0.23332324624061584,-0.05121038109064102,0.35599446296691895,0.29206642508506775,-0.007451367564499378,0.3629204332828522,0.21576102077960968,-0.037260930985212326,0.3546920120716095,0.28026995062828064,-0.052336063235998154,0.35326918959617615,0.3259999454021454,-0.057942744344472885,0.31801778078079224,0.2759762406349182,-0.009242411702871323,0.3190452456474304,0.21379399299621582,-0.03758786991238594,0.31176629662513733,0.30348706245422363,-0.04248370602726936,0.3161606788635254,0.3349578380584717,-0.040755365043878555,0.2780478000640869,0.2737250328063965,-0.01658000983297825,0.2769807279109955,0.21612942218780518,-0.04811420664191246,0.2728060483932495,0.3052893280982971,-0.03971025347709656,0.27683427929878235,0.3399103879928589,-0.027305278927087784,0.23468270897865295,0.2765016555786133,-0.025844581425189972,0.23613306879997253,0.22509291768074036,-0.04473939910531044,0.23711243271827698,0.28606364130973816,-0.03569667786359787,0.23949475586414337,0.31944534182548523,-0.024558842182159424
Right,0.24270862340927124,0.6102009415626526,4.782697615723919e-08,0.28648585081100464,0.6045328378677368,-0.025873275473713875,0.3317756652832031,0.5785907506942749,-0.04351033270359039,0.36476171016693115,0.5617720484733582,-0.060723960399627686,0.38581037521362305,0.5277658104896545,-0.07704251259565353,0.33987128734588623,0.44265463948249817,-0.031741660088300705,0.3614175617694855,0.38703396916389465,-0.06602656096220016,0.360018789768219,0.4420281648635864,-0.09003835171461105,0.35594967007637024,0.4978463053703308,-0.10270679742097855,0.30668920278549194,0.41750240325927734,-0.034859154373407364,0.32285988330841064,0.3414085805416107,-0.0665050595998764,0.31973397731781006,0.3979930877685547,-0.08217287063598633,0.31401053071022034,0.4469969868659973,-0.08961625397205353,0.2679491341114044,0.4122975468635559,-0.042059678584337234,0.27732595801353455,0.33484596014022827,-0.06990492343902588,0.2754478454589844,0.38472363352775574,-0.07077658921480179,0.271976113319397,0.42929956316947937,-0.0674169585108757,0.228168785572052,0.42490535974502563,-0.05167076364159584,0.22746960818767548,0.3621421158313751,-0.06968069821596146,0.22844156622886658,0.388746052980423,-0.06723982840776443,0.2282070368528366,0.4177664518356323,-0.06270479410886765
